uri,did,cid,rev,created_at,ingested_at,run_id,text,langs,reply_root_uri,reply_parent_uri,embed_type
at://did:plc:lyblenqvfetjzcdy76w6ohyy/app.bsky.feed.post/3itvvfle3w2wa,did:plc:lyblenqvfetjzcdy76w6ohyy,bafyreihxwqungoflmfl5inlfemoigbuvdkignc22gkhpwbyg2blzleabg4,3mstvxoqzzd2l,2022-03-10 15:26:38+00:00,2026-08-12 03:55:23.471628+00:00,94528178-282f-4bee-9c0c-e0e36b732657,Kabinet wil laatste coronaregels per 23 maart afschaffen,,,,app.bsky.embed.external
at://did:plc:t4cxtaognarvjhuwggybrhsl/app.bsky.feed.post/3itvdju2uw2v2,did:plc:t4cxtaognarvjhuwggybrhsl,bafyreia4npji2x25bzeqrjycbgpbpnfhkapa2vzgrpaljglvu44onicoja,3mstvxrohjy2d,2022-03-10 10:06:54+00:00,2026-08-12 03:55:23.794200+00:00,94528178-282f-4bee-9c0c-e0e36b732657,Britse regering onderneemt actie; geen transacties door Abramovitsj en Chelsea,,,,app.bsky.embed.external
at://did:plc:t4cxtaognarvjhuwggybrhsl/app.bsky.feed.post/3itvxubyzi2wi,did:plc:t4cxtaognarvjhuwggybrhsl,bafyreibsxrs4q3yn4xdqtsvz3ihtopn2c5zkspu2gwmlq3xm2k3ywekb7e,3mstvxxe7tw2e,2022-03-10 16:10:39+00:00,2026-08-12 03:55:27.957642+00:00,94528178-282f-4bee-9c0c-e0e36b732657,Fenomeen Pogacar slaat weer toe: ritzege en leiderstrui in Tirreno-Adriatico,,,,app.bsky.embed.external
at://did:plc:lyblenqvfetjzcdy76w6ohyy/app.bsky.feed.post/3itvfjrp3i2vb,did:plc:lyblenqvfetjzcdy76w6ohyy,bafyreibswco44yanzjisfo2n3ze5t4hopolbznyphbiapjbtdxiohp3qzm,3mstvxztxec24,2022-03-10 10:42:39+00:00,2026-08-12 03:55:29.715900+00:00,94528178-282f-4bee-9c0c-e0e36b732657,Topoverleg Rusland en Oekraïne zonder concreet resultaat,,,,app.bsky.embed.external
at://did:plc:t4cxtaognarvjhuwggybrhsl/app.bsky.feed.post/3itvuy3dn42w7,did:plc:t4cxtaognarvjhuwggybrhsl,bafyreidx5odwpgcc6blhd4wuyzabvfxzbd5e43esolkzvbh3rvcuvkj2tq,3mstvy2tji62o,2022-03-10 15:19:05+00:00,2026-08-12 03:55:30.730796+00:00,94528178-282f-4bee-9c0c-e0e36b732657,"Van Aert draagt gele trui in Parijs-Nice over aan Roglic, McNulty soleert naar zege",,,,app.bsky.embed.external
at://did:plc:t4cxtaognarvjhuwggybrhsl/app.bsky.feed.post/3itvdb5lqo2ux,did:plc:t4cxtaognarvjhuwggybrhsl,bafyreihson7pam7veib24paec3jdhboorlpup5vqtb3qs6x24ssvaxjyaa,3mstvy3v7kg22,2022-03-10 10:02:02+00:00,2026-08-12 03:55:31.327069+00:00,94528178-282f-4bee-9c0c-e0e36b732657,Cambuur moet trainer De Jong lange tijd missen: '99 procent gaat niet bij Henk',,,,app.bsky.embed.external
at://did:plc:lyblenqvfetjzcdy76w6ohyy/app.bsky.feed.post/3itvh2ixd62ve,did:plc:lyblenqvfetjzcdy76w6ohyy,bafyreibp2i5rgdsm6fiwpawohubs4zeej5liflqydqy4spewsvt2b6frze,3mstvy4ocwu25,2022-03-10 11:09:54+00:00,2026-08-12 03:55:31.747217+00:00,94528178-282f-4bee-9c0c-e0e36b732657,Hoe TikTok een cruciale rol speelt in Oekraïne,,,,app.bsky.embed.external
at://did:plc:lyblenqvfetjzcdy76w6ohyy/app.bsky.feed.post/3ituuiqvmi2ty,did:plc:lyblenqvfetjzcdy76w6ohyy,bafyreievncsnzl6hzk6jso2rhxpn77lkirowiva4gkqihm52pavmysaqyy,3mstvybq2o425,2022-03-10 05:37:51+00:00,2026-08-12 03:55:35.386997+00:00,94528178-282f-4bee-9c0c-e0e36b732657,Oekraïne en Rusland spreken elkaar op hoog niveau in Antalya,,,,app.bsky.embed.external
at://did:plc:lyblenqvfetjzcdy76w6ohyy/app.bsky.feed.post/3ituu3mdeg2tx,did:plc:lyblenqvfetjzcdy76w6ohyy,bafyreie454geeygcyjdjogloxnfcvm2dy7jb3yz75ifpmom5wmbp5swmea,3mstvycmnrs24,2022-03-10 05:30:30+00:00,2026-08-12 03:55:36.075765+00:00,94528178-282f-4bee-9c0c-e0e36b732657,"Een groeiende, maar onzichtbare groep: mensen met inkomen, maar zonder woning",,,,app.bsky.embed.external
at://did:plc:lyblenqvfetjzcdy76w6ohyy/app.bsky.feed.post/3ituveb5do2u2,did:plc:lyblenqvfetjzcdy76w6ohyy,bafyreibr3rl6s42uremusxayg4jxxy7psg7uhqoznzckptjfmc2bq5hwou,3mstvyfpy5z2l,2022-03-10 05:53:14+00:00,2026-08-12 03:55:38.252209+00:00,94528178-282f-4bee-9c0c-e0e36b732657,"Meer opvanglocaties voor Oekraïners: cruiseschepen, hotels en vakantieparken",,,,app.bsky.embed.external
at://did:plc:lyblenqvfetjzcdy76w6ohyy/app.bsky.feed.post/3itvvfle3w2wa,did:plc:lyblenqvfetjzcdy76w6ohyy,bafyreihxwqungoflmfl5inlfemoigbuvdkignc22gkhpwbyg2blzleabg4,3mstvxoqzzd2l,2022-03-10 15:26:38+00:00,2026-08-12 04:06:47.944094+00:00,94528178-282f-4bee-9c0c-e0e36b732657,Kabinet wil laatste coronaregels per 23 maart afschaffen,,,,app.bsky.embed.external
at://did:plc:t4cxtaognarvjhuwggybrhsl/app.bsky.feed.post/3itvdju2uw2v2,did:plc:t4cxtaognarvjhuwggybrhsl,bafyreia4npji2x25bzeqrjycbgpbpnfhkapa2vzgrpaljglvu44onicoja,3mstvxrohjy2d,2022-03-10 10:06:54+00:00,2026-08-12 04:06:48.372307+00:00,94528178-282f-4bee-9c0c-e0e36b732657,Britse regering onderneemt actie; geen transacties door Abramovitsj en Chelsea,,,,app.bsky.embed.external
at://did:plc:t4cxtaognarvjhuwggybrhsl/app.bsky.feed.post/3itvxubyzi2wi,did:plc:t4cxtaognarvjhuwggybrhsl,bafyreibsxrs4q3yn4xdqtsvz3ihtopn2c5zkspu2gwmlq3xm2k3ywekb7e,3mstvxxe7tw2e,2022-03-10 16:10:39+00:00,2026-08-12 04:06:53.057392+00:00,94528178-282f-4bee-9c0c-e0e36b732657,Fenomeen Pogacar slaat weer toe: ritzege en leiderstrui in Tirreno-Adriatico,,,,app.bsky.embed.external
at://did:plc:lyblenqvfetjzcdy76w6ohyy/app.bsky.feed.post/3itvfjrp3i2vb,did:plc:lyblenqvfetjzcdy76w6ohyy,bafyreibswco44yanzjisfo2n3ze5t4hopolbznyphbiapjbtdxiohp3qzm,3mstvxztxec24,2022-03-10 10:42:39+00:00,2026-08-12 04:06:55.082430+00:00,94528178-282f-4bee-9c0c-e0e36b732657,Topoverleg Rusland en Oekraïne zonder concreet resultaat,,,,app.bsky.embed.external
at://did:plc:t4cxtaognarvjhuwggybrhsl/app.bsky.feed.post/3itvuy3dn42w7,did:plc:t4cxtaognarvjhuwggybrhsl,bafyreidx5odwpgcc6blhd4wuyzabvfxzbd5e43esolkzvbh3rvcuvkj2tq,3mstvy2tji62o,2022-03-10 15:19:05+00:00,2026-08-12 04:06:56.143279+00:00,94528178-282f-4bee-9c0c-e0e36b732657,"Van Aert draagt gele trui in Parijs-Nice over aan Roglic, McNulty soleert naar zege",,,,app.bsky.embed.external
at://did:plc:t4cxtaognarvjhuwggybrhsl/app.bsky.feed.post/3itvdb5lqo2ux,did:plc:t4cxtaognarvjhuwggybrhsl,bafyreihson7pam7veib24paec3jdhboorlpup5vqtb3qs6x24ssvaxjyaa,3mstvy3v7kg22,2022-03-10 10:02:02+00:00,2026-08-12 04:06:57.034617+00:00,94528178-282f-4bee-9c0c-e0e36b732657,Cambuur moet trainer De Jong lange tijd missen: '99 procent gaat niet bij Henk',,,,app.bsky.embed.external
at://did:plc:lyblenqvfetjzcdy76w6ohyy/app.bsky.feed.post/3itvh2ixd62ve,did:plc:lyblenqvfetjzcdy76w6ohyy,bafyreibp2i5rgdsm6fiwpawohubs4zeej5liflqydqy4spewsvt2b6frze,3mstvy4ocwu25,2022-03-10 11:09:54+00:00,2026-08-12 04:06:57.615769+00:00,94528178-282f-4bee-9c0c-e0e36b732657,Hoe TikTok een cruciale rol speelt in Oekraïne,,,,app.bsky.embed.external
at://did:plc:lyblenqvfetjzcdy76w6ohyy/app.bsky.feed.post/3ituuiqvmi2ty,did:plc:lyblenqvfetjzcdy76w6ohyy,bafyreievncsnzl6hzk6jso2rhxpn77lkirowiva4gkqihm52pavmysaqyy,3mstvybq2o425,2022-03-10 05:37:51+00:00,2026-08-12 04:07:01.636180+00:00,94528178-282f-4bee-9c0c-e0e36b732657,Oekraïne en Rusland spreken elkaar op hoog niveau in Antalya,,,,app.bsky.embed.external
at://did:plc:lyblenqvfetjzcdy76w6ohyy/app.bsky.feed.post/3ituu3mdeg2tx,did:plc:lyblenqvfetjzcdy76w6ohyy,bafyreie454geeygcyjdjogloxnfcvm2dy7jb3yz75ifpmom5wmbp5swmea,3mstvycmnrs24,2022-03-10 05:30:30+00:00,2026-08-12 04:07:02.393573+00:00,94528178-282f-4bee-9c0c-e0e36b732657,"Een groeiende, maar onzichtbare groep: mensen met inkomen, maar zonder woning",,,,app.bsky.embed.external
at://did:plc:lyblenqvfetjzcdy76w6ohyy/app.bsky.feed.post/3ituveb5do2u2,did:plc:lyblenqvfetjzcdy76w6ohyy,bafyreibr3rl6s42uremusxayg4jxxy7psg7uhqoznzckptjfmc2bq5hwou,3mstvyfpy5z2l,2022-03-10 05:53:14+00:00,2026-08-12 04:07:04.940142+00:00,94528178-282f-4bee-9c0c-e0e36b732657,"Meer opvanglocaties voor Oekraïners: cruiseschepen, hotels en vakantieparken",,,,app.bsky.embed.external
