post_uri,post_rkey,created_at,deleted,deleted_at,post_type,has_image,has_video,langs,like_count,reply_count,repost_count,quote_count,save_count,counts_read_at
at://did:plc:p7gxyfr5vii5ntpwo7f6dhe2/app.bsky.feed.post/3ml7mg7do4k23,3ml7mg7do4k23,2026-05-06T21:10:36.371Z,unknown,,original,False,True,en,6082,301,717,91,115,2026-08-11T14:55:21.682587+00:00
at://did:plc:p7gxyfr5vii5ntpwo7f6dhe2/app.bsky.feed.post/3mk2igz5jrc2t,3mk2igz5jrc2t,2026-04-22T02:50:58.146Z,unknown,,original,False,False,en,31683,1191,3922,192,396,2026-08-11T14:55:21.682587+00:00
at://did:plc:p7gxyfr5vii5ntpwo7f6dhe2/app.bsky.feed.post/3mfi26wfbbk22,3mfi26wfbbk22,2026-02-22T21:07:12.518Z,unknown,,reply,False,False,en,157,8,11,2,5,2026-08-11T14:55:21.682587+00:00
at://did:plc:p7gxyfr5vii5ntpwo7f6dhe2/app.bsky.feed.post/3mfi26wbrx222,3mfi26wbrx222,2026-02-22T21:07:12.517Z,unknown,,reply,False,False,en,159,6,18,1,5,2026-08-11T14:55:21.682587+00:00
at://did:plc:p7gxyfr5vii5ntpwo7f6dhe2/app.bsky.feed.post/3mfhy6yolmc22,3mfhy6yolmc22,2026-02-22T20:31:27.550Z,unknown,,reply,False,False,en,237,6,2,0,1,2026-08-11T14:55:21.682587+00:00
at://did:plc:p7gxyfr5vii5ntpwo7f6dhe2/app.bsky.feed.post/3mfhy5aqyz222,3mfhy5aqyz222,2026-02-22T20:30:28.909Z,unknown,,reply,False,False,en,154,5,5,0,3,2026-08-11T14:55:21.682587+00:00
at://did:plc:p7gxyfr5vii5ntpwo7f6dhe2/app.bsky.feed.post/3mfhxotjdgs22,3mfhxotjdgs22,2026-02-22T20:22:25.264Z,unknown,,reply,False,False,en,659,11,39,2,6,2026-08-11T14:55:21.682587+00:00
at://did:plc:p7gxyfr5vii5ntpwo7f6dhe2/app.bsky.feed.post/3mfhs7calkc22,3mfhs7calkc22,2026-02-22T18:44:15.126Z,unknown,,reply,False,False,en,767,33,46,2,14,2026-08-11T14:55:21.682587+00:00
at://did:plc:p7gxyfr5vii5ntpwo7f6dhe2/app.bsky.feed.post/3mfhry3bltc22,3mfhry3bltc22,2026-02-22T18:40:12.937Z,unknown,,reply,False,False,en,307,17,5,1,2,2026-08-11T14:55:21.682587+00:00
at://did:plc:p7gxyfr5vii5ntpwo7f6dhe2/app.bsky.feed.post/3mfhrsyppuk22,3mfhrsyppuk22,2026-02-22T18:37:22.483Z,unknown,,reply,False,False,en,615,25,27,25,3,2026-08-11T14:55:21.682587+00:00
at://did:plc:p7gxyfr5vii5ntpwo7f6dhe2/app.bsky.feed.post/3mfhrmgqp3c22,3mfhrmgqp3c22,2026-02-22T18:33:42.314Z,unknown,,reply,False,False,en,7128,100,1758,172,170,2026-08-11T14:55:21.682587+00:00
at://did:plc:p7gxyfr5vii5ntpwo7f6dhe2/app.bsky.feed.post/3mfhremb4zs22,3mfhremb4zs22,2026-02-22T18:29:19.660Z,unknown,,reply,False,False,en,1684,42,97,14,8,2026-08-11T14:55:21.682587+00:00
at://did:plc:p7gxyfr5vii5ntpwo7f6dhe2/app.bsky.feed.post/3mfhqnym3nc22,3mfhqnym3nc22,2026-02-22T18:16:40.850Z,unknown,,reply,False,False,en,227,8,2,0,2,2026-08-11T14:55:21.682587+00:00
at://did:plc:p7gxyfr5vii5ntpwo7f6dhe2/app.bsky.feed.post/3mfhpmzbbms22,3mfhpmzbbms22,2026-02-22T17:58:14.248Z,unknown,,reply,False,False,en,412,7,9,1,1,2026-08-11T14:55:21.682587+00:00
at://did:plc:p7gxyfr5vii5ntpwo7f6dhe2/app.bsky.feed.post/3mfhpkcz7ec22,3mfhpkcz7ec22,2026-02-22T17:56:43.806Z,unknown,,reply,False,False,en,652,13,49,5,2,2026-08-11T14:55:21.682587+00:00
at://did:plc:p7gxyfr5vii5ntpwo7f6dhe2/app.bsky.feed.post/3mfhoxbyqis22,3mfhoxbyqis22,2026-02-22T17:46:05.208Z,unknown,,reply,False,False,en,862,13,52,5,12,2026-08-11T14:55:21.682587+00:00
at://did:plc:p7gxyfr5vii5ntpwo7f6dhe2/app.bsky.feed.post/3mfhokbk3es22,3mfhokbk3es22,2026-02-22T17:38:48.520Z,unknown,,reply,False,False,en,717,10,47,0,1,2026-08-11T14:55:21.682587+00:00
at://did:plc:p7gxyfr5vii5ntpwo7f6dhe2/app.bsky.feed.post/3mfhodgfovc22,3mfhodgfovc22,2026-02-22T17:34:58.737Z,unknown,,reply,False,False,en,605,3,40,9,12,2026-08-11T14:55:21.682587+00:00
at://did:plc:p7gxyfr5vii5ntpwo7f6dhe2/app.bsky.feed.post/3mfhmsfwths22,3mfhmsfwths22,2026-02-22T17:07:34.084Z,unknown,,original,False,False,en,13803,277,1618,136,248,2026-08-11T14:55:21.682587+00:00
at://did:plc:p7gxyfr5vii5ntpwo7f6dhe2/app.bsky.feed.post/3mfhmq7iygc22,3mfhmq7iygc22,2026-02-22T17:06:20.230Z,unknown,,reply,False,False,en,2019,31,40,10,11,2026-08-11T14:55:21.682587+00:00
at://did:plc:p7gxyfr5vii5ntpwo7f6dhe2/app.bsky.feed.post/3mfhmlwphek22,3mfhmlwphek22,2026-02-22T17:03:56.786Z,unknown,,reply,False,False,en,726,11,34,6,6,2026-08-11T14:55:21.682587+00:00
at://did:plc:p7gxyfr5vii5ntpwo7f6dhe2/app.bsky.feed.post/3mfhm42srgk22,3mfhm42srgk22,2026-02-22T16:55:04.218Z,unknown,,reply,False,False,en,1054,154,104,66,23,2026-08-11T14:55:21.682587+00:00
at://did:plc:p7gxyfr5vii5ntpwo7f6dhe2/app.bsky.feed.post/3mfhlknpxgc22,3mfhlknpxgc22,2026-02-22T16:45:20.070Z,unknown,,reply,False,False,en,323,6,9,2,4,2026-08-11T14:55:21.682587+00:00
at://did:plc:p7gxyfr5vii5ntpwo7f6dhe2/app.bsky.feed.post/3mfhl5bo6d222,3mfhl5bo6d222,2026-02-22T16:37:51.221Z,unknown,,original,False,False,en,5094,1408,411,41,107,2026-08-11T14:55:21.682587+00:00
at://did:plc:p7gxyfr5vii5ntpwo7f6dhe2/app.bsky.feed.post/3mff5vqxt6c2x,3mff5vqxt6c2x,2026-02-21T17:35:40.710Z,unknown,,reply,False,False,en,301,2,5,0,3,2026-08-11T14:55:21.682587+00:00
at://did:plc:p7gxyfr5vii5ntpwo7f6dhe2/app.bsky.feed.post/3mff5ujmxxs2x,3mff5ujmxxs2x,2026-02-21T17:34:59.460Z,unknown,,reply,False,False,en,291,1,8,0,3,2026-08-11T14:55:21.682587+00:00
at://did:plc:p7gxyfr5vii5ntpwo7f6dhe2/app.bsky.feed.post/3mff5mq6mgc2x,3mff5mq6mgc2x,2026-02-21T17:30:37.893Z,unknown,,reply,False,False,en,68,15,2,1,4,2026-08-11T14:55:21.682587+00:00
at://did:plc:p7gxyfr5vii5ntpwo7f6dhe2/app.bsky.feed.post/3mff5aypky22x,3mff5aypky22x,2026-02-21T17:24:04.185Z,unknown,,original,False,False,en,6352,122,319,33,34,2026-08-11T14:55:21.682587+00:00
at://did:plc:p7gxyfr5vii5ntpwo7f6dhe2/app.bsky.feed.post/3mff5a6mvyk2x,3mff5a6mvyk2x,2026-02-21T17:23:36.834Z,unknown,,original,False,False,en,4717,498,245,61,61,2026-08-11T14:55:21.682587+00:00
at://did:plc:p7gxyfr5vii5ntpwo7f6dhe2/app.bsky.feed.post/3mefdhg4gts22,3mefdhg4gts22,2026-02-09T01:49:50.383Z,unknown,,original,True,False,en,46409,474,3769,107,227,2026-08-11T14:55:21.682587+00:00
at://did:plc:p7gxyfr5vii5ntpwo7f6dhe2/app.bsky.feed.post/3me75snoxy22d,3me75snoxy22d,2026-02-06T14:52:46.536Z,unknown,,reply,False,False,en,3753,41,356,5,24,2026-08-11T14:55:21.682587+00:00
at://did:plc:p7gxyfr5vii5ntpwo7f6dhe2/app.bsky.feed.post/3me75snovzk2d,3me75snovzk2d,2026-02-06T14:52:46.535Z,unknown,,reply,False,False,en,3826,33,325,8,22,2026-08-11T14:55:21.682587+00:00
at://did:plc:p7gxyfr5vii5ntpwo7f6dhe2/app.bsky.feed.post/3me75snov2c2d,3me75snov2c2d,2026-02-06T14:52:46.534Z,unknown,,reply,False,False,en,3202,13,262,7,23,2026-08-11T14:55:21.682587+00:00
at://did:plc:p7gxyfr5vii5ntpwo7f6dhe2/app.bsky.feed.post/3me75snolbs2d,3me75snolbs2d,2026-02-06T14:52:46.533Z,unknown,,original,False,False,en,16617,301,3038,170,162,2026-08-11T14:55:21.682587+00:00
at://did:plc:p7gxyfr5vii5ntpwo7f6dhe2/app.bsky.feed.post/3mbjqcdvqh22q,3mbjqcdvqh22q,2026-01-03T15:34:43.013Z,unknown,,original,False,False,en,31498,1176,8356,379,286,2026-08-11T14:55:21.682587+00:00
at://did:plc:p7gxyfr5vii5ntpwo7f6dhe2/app.bsky.feed.post/3m5ji2gjxvs2k,3m5ji2gjxvs2k,2025-11-13T15:26:20.892Z,unknown,,original,False,False,en,23462,273,3576,56,157,2026-08-11T14:55:21.682587+00:00
at://did:plc:p7gxyfr5vii5ntpwo7f6dhe2/app.bsky.feed.post/3m5aiz2lil22d,3m5aiz2lil22d,2025-11-10T01:49:30.899Z,unknown,,original,False,False,en,62022,2023,15023,627,342,2026-08-11T14:55:21.682587+00:00
at://did:plc:p7gxyfr5vii5ntpwo7f6dhe2/app.bsky.feed.post/3m4wlpnytvk2h,3m4wlpnytvk2h,2025-11-06T03:11:19.558Z,unknown,,original,False,False,en,10969,164,823,31,47,2026-08-11T14:55:21.682587+00:00
at://did:plc:p7gxyfr5vii5ntpwo7f6dhe2/app.bsky.feed.post/3m4uclovgt223,3m4uclovgt223,2025-11-05T05:22:43.125Z,unknown,,original,False,False,en,56236,630,6694,224,171,2026-08-11T14:55:21.682587+00:00
at://did:plc:p7gxyfr5vii5ntpwo7f6dhe2/app.bsky.feed.post/3m47mziifq22s,3m47mziifq22s,2025-10-28T00:03:29.081Z,unknown,,original,False,False,en,43270,1629,6287,362,231,2026-08-11T14:55:21.682587+00:00
at://did:plc:p7gxyfr5vii5ntpwo7f6dhe2/app.bsky.feed.post/3m3efzkmbcs2y,3m3efzkmbcs2y,2025-10-17T04:16:22.174Z,unknown,,original,False,False,en,28972,1177,9226,373,270,2026-08-11T14:55:21.682587+00:00
at://did:plc:p7gxyfr5vii5ntpwo7f6dhe2/app.bsky.feed.post/3m35zxsxjz22g,3m35zxsxjz22g,2025-10-14T15:24:40.492Z,unknown,,original,False,True,en,17088,456,4684,155,161,2026-08-11T14:55:21.682587+00:00
at://did:plc:p7gxyfr5vii5ntpwo7f6dhe2/app.bsky.feed.post/3m2ctric3pk2l,3m2ctric3pk2l,2025-10-03T19:51:52.591Z,unknown,,original,False,False,en,19768,449,5736,196,119,2026-08-11T14:55:21.682587+00:00
at://did:plc:p7gxyfr5vii5ntpwo7f6dhe2/app.bsky.feed.post/3m26562ps2s2v,3m26562ps2s2v,2025-10-01T22:56:39.551Z,unknown,,original,False,True,en,12510,367,2559,145,125,2026-08-11T14:55:21.682587+00:00
at://did:plc:p7gxyfr5vii5ntpwo7f6dhe2/app.bsky.feed.post/3m25k4bebfk2d,3m25k4bebfk2d,2025-10-01T17:15:38.311Z,unknown,,original,False,True,en,28003,832,4185,453,169,2026-08-11T14:55:21.682587+00:00
at://did:plc:p7gxyfr5vii5ntpwo7f6dhe2/app.bsky.feed.post/3m242ufwgdk2n,3m242ufwgdk2n,2025-10-01T03:10:08.799Z,unknown,,original,False,False,en,18938,324,4316,160,188,2026-08-11T14:55:21.682587+00:00
at://did:plc:p7gxyfr5vii5ntpwo7f6dhe2/app.bsky.feed.post/3lzpnyug7kc2g,3lzpnyug7kc2g,2025-09-26T04:48:02.709Z,unknown,,reply,False,False,en,84,3,1,0,1,2026-08-11T14:55:21.682587+00:00
at://did:plc:p7gxyfr5vii5ntpwo7f6dhe2/app.bsky.feed.post/3lzpbtuia2c2v,3lzpbtuia2c2v,2025-09-26T01:10:30.102Z,unknown,,reply,False,False,en,93,5,5,1,0,2026-08-11T14:55:21.682587+00:00
at://did:plc:p7gxyfr5vii5ntpwo7f6dhe2/app.bsky.feed.post/3lzpbowjmy22v,3lzpbowjmy22v,2025-09-26T01:07:44.465Z,unknown,,original,True,False,en,26569,985,1234,162,91,2026-08-11T14:55:21.682587+00:00
at://did:plc:p7gxyfr5vii5ntpwo7f6dhe2/app.bsky.feed.post/3lzaaqswuls2i,3lzaaqswuls2i,2025-09-20T01:40:58.003Z,unknown,,reply,False,False,en,419,23,11,6,4,2026-08-11T14:55:21.682587+00:00
